{"0.9917355371900827": {"avg": 0.7606021663300899, "se": 0.005781761853543702}, "0.9834710743801653": {"avg": 0.7606021663300899, "se": 0.005781761853543702}, "0.9752066115702479": {"avg": 0.7613365155131265, "se": 0.00577567345246694}, "0.9669421487603306": {"avg": 0.7613365155131265, "se": 0.00577567345246694}, "0.9586776859504132": {"avg": 0.7624380392876813, "se": 0.0057664966068111485}, "0.9504132231404958": {"avg": 0.7634092578986039, "se": 0.00575994751545902}, "0.9421487603305785": {"avg": 0.7634092578986039, "se": 0.00575994751545902}, "0.9338842975206612": {"avg": 0.7634092578986039, "se": 0.00575994751545902}, "0.9256198347107438": {"avg": 0.763916957560169, "se": 0.005756205695367625}, "0.9173553719008265": {"avg": 0.7644681241962153, "se": 0.005751556216636002}, "0.9090909090909091": {"avg": 0.7644681241962153, "se": 0.005751556216636002}, "0.9008264462809917": {"avg": 0.7644681241962153, "se": 0.005751556216636002}, "0.8925619834710744": {"avg": 0.7644681241962153, "se": 0.005751556216636002}, "0.884297520661157": {"avg": 0.7650192908322616, "se": 0.0057468932646157714}, "0.8760330578512396": {"avg": 0.7660786475560456, "se": 0.005738420155341153}, "0.8677685950413223": {"avg": 0.7660786475560456, "se": 0.005738420155341153}, "0.859504132231405": {"avg": 0.7662624035281147, "se": 0.005736853729557582}, "0.8512396694214877": {"avg": 0.7671811833884601, "se": 0.005728998930647625}, "0.8429752066115702": {"avg": 0.7676897629112296, "se": 0.005725160756907471}, "0.8347107438016529": {"avg": 0.7676897629112296, "se": 0.005725160756907471}, "0.8264462809917356": {"avg": 0.7680573424002941, "se": 0.005721998955162137}, "0.8181818181818181": {"avg": 0.7700790295901488, "se": 0.005704499908103411}, "0.8099173553719008": {"avg": 0.7715493475464069, "se": 0.005691656640293265}, "0.8016528925619835": {"avg": 0.7715493475464069, "se": 0.005691656640293265}, "0.7933884297520661": {"avg": 0.772284506524536, "se": 0.005685197918578014}, "0.7851239669421488": {"avg": 0.7726520860136005, "se": 0.005681959248932576}, "0.7768595041322314": {"avg": 0.7728358757581327, "se": 0.005680337582272228}, "0.768595041322314": {"avg": 0.7728358757581327, "se": 0.005680337582272228}, "0.7603305785123967": {"avg": 0.7737132352941176, "se": 0.005673096092017979}, "0.7520661157024793": {"avg": 0.7766133480419195, "se": 0.00564769851914586}, "0.743801652892562": {"avg": 0.7771649200220628, "se": 0.005642724484196703}, "0.7355371900826446": {"avg": 0.7771649200220628, "se": 0.005642724484196703}, "0.7272727272727273": {"avg": 0.7773487773487774, "se": 0.0056410632944141285}, "0.71900826446281": {"avg": 0.7775326346754918, "se": 0.005639400513225801}, "0.7107438016528926": {"avg": 0.7775326346754918, "se": 0.005639400513225801}, "0.7024793388429752": {"avg": 0.7756940614083471, "se": 0.005655956879834179}, "0.6942148760330579": {"avg": 0.7756940614083471, "se": 0.005655956879834179}, "0.6859504132231404": {"avg": 0.7813534387642516, "se": 0.005604998335719852}, "0.6776859504132231": {"avg": 0.781721221037146, "se": 0.0056016001762234134}, "0.6694214876033058": {"avg": 0.781721221037146, "se": 0.0056016001762234134}, "0.6611570247933884": {"avg": 0.7811695476278043, "se": 0.005606694979454466}, "0.6528925619834711": {"avg": 0.7811695476278043, "se": 0.005606694979454466}, "0.6446280991735538": {"avg": 0.7813534387642516, "se": 0.005604998335719852}, "0.6363636363636364": {"avg": 0.7846238734596285, "se": 0.005575064208935813}, "0.628099173553719": {"avg": 0.7866470480044142, "se": 0.005555966522616308}, "0.6198347107438016": {"avg": 0.786055923473142, "se": 0.005562078727024926}, "0.6115702479338843": {"avg": 0.7850965961361546, "se": 0.005571644779717061}, "0.6033057851239669": {"avg": 0.7850965961361546, "se": 0.005571644779717061}, "0.5950413223140496": {"avg": 0.7860165593376265, "se": 0.005562962812222326}, "0.5867768595041323": {"avg": 0.7860165593376265, "se": 0.005562962812222326}, "0.578512396694215": {"avg": 0.7880014722119986, "se": 0.0055445987140162155}, "0.5702479338842975": {"avg": 0.7898417372101583, "se": 0.005526923551809994}, "0.5619834710743802": {"avg": 0.7909074176329837, "se": 0.005517118155503228}, "0.5537190082644627": {"avg": 0.7960235640648011, "se": 0.005467302214516317}, "0.5454545454545454": {"avg": 0.7980486008836525, "se": 0.00544701062965514}, "0.5371900826446281": {"avg": 0.7980486008836525, "se": 0.00544701062965514}, "0.5289256198347108": {"avg": 0.7998895434462445, "se": 0.005428377235018829}, "0.5206611570247934": {"avg": 0.7996685693242497, "se": 0.005431123246280412}, "0.5123966942148761": {"avg": 0.7996685693242497, "se": 0.005431123246280412}, "0.5041322314049587": {"avg": 0.8009208103130755, "se": 0.005418858447406087}, "0.49586776859504134": {"avg": 0.8023941068139964, "se": 0.0054037331779607685}, "0.487603305785124": {"avg": 0.8034990791896869, "se": 0.005392312735324753}, "0.47933884297520657": {"avg": 0.80254190458648, "se": 0.005402706933754938}, "0.47107438016528924": {"avg": 0.80254190458648, "se": 0.005402706933754938}, "0.4628099173553719": {"avg": 0.8037589828634605, "se": 0.005391106386343133}, "0.4545454545454546": {"avg": 0.8037589828634605, "se": 0.005391106386343133}, "0.44628099173553715": {"avg": 0.80468030219274, "se": 0.005381517987482053}, "0.4380165289256198": {"avg": 0.8052330937903077, "se": 0.005375742773403514}, "0.4297520661157025": {"avg": 0.8056016215220195, "se": 0.005371883358113534}, "0.42148760330578516": {"avg": 0.8074442601805786, "se": 0.005352474408059212}, "0.4132231404958677": {"avg": 0.8081459638776263, "se": 0.005345526408936178}, "0.4049586776859504": {"avg": 0.8057142857142857, "se": 0.0053716918961129664}, "0.39669421487603307": {"avg": 0.8108755760368663, "se": 0.0053168088593416206}, "0.38842975206611574": {"avg": 0.8116129032258065, "se": 0.005308846604115128}, "0.3801652892561983": {"avg": 0.8114285714285714, "se": 0.005310840056055755}, "0.371900826446281": {"avg": 0.8130875576036867, "se": 0.005292829359719383}, "0.36363636363636365": {"avg": 0.8148626221648534, "se": 0.005274356130860455}, "0.3553719008264463": {"avg": 0.8209147915898193, "se": 0.005207138655753301}, "0.3471074380165289": {"avg": 0.8234968646255995, "se": 0.005177587303680972}, "0.33884297520661155": {"avg": 0.8246034673552195, "se": 0.005164797797887113}, "0.3305785123966942": {"avg": 0.8264157904445675, "se": 0.0051441628392590675}, "0.3223140495867769": {"avg": 0.8292143120619697, "se": 0.005110688070969893}, "0.31404958677685946": {"avg": 0.8299206788415422, "se": 0.005102750643959426}, "0.30578512396694213": {"avg": 0.8360081165836561, "se": 0.005028943080755877}, "0.2975206611570248": {"avg": 0.8385310942978409, "se": 0.00499855484177931}, "0.2892561983471075": {"avg": 0.8422218121424617, "se": 0.004951960236639733}, "0.28099173553719003": {"avg": 0.8525558221073999, "se": 0.004816323513854145}, "0.2727272727272727": {"avg": 0.8558508674787745, "se": 0.004771836599470064}, "0.2644628099173554": {"avg": 0.8597009414805242, "se": 0.0047186923353939566}, "0.25619834710743805": {"avg": 0.8615469817242016, "se": 0.004692575607374359}, "0.2479338842975206": {"avg": 0.8613623776998338, "se": 0.004695199846964916}, "0.23966942148760328": {"avg": 0.8611777736754661, "se": 0.004697821281492475}, "0.23140495867768596": {"avg": 0.8641063515509602, "se": 0.004656331055627679}, "0.22314049586776863": {"avg": 0.8685376661742984, "se": 0.004591511430634979}, "0.2148760330578512": {"avg": 0.8686980609418282, "se": 0.004589556973687657}, "0.20661157024793386": {"avg": 0.8681440443213296, "se": 0.004597762566193927}, "0.19834710743801653": {"avg": 0.8686980609418282, "se": 0.004589556973687657}, "0.1900826446280992": {"avg": 0.8695973402290358, "se": 0.004576602573396293}, "0.18181818181818177": {"avg": 0.8666420391577392, "se": 0.004620300508249065}, "0.17355371900826444": {"avg": 0.8666666666666667, "se": 0.004619512902486901}, "0.1652892561983471": {"avg": 0.8754389207170579, "se": 0.004489162637783344},